{"data":{"optionJson":"s{\"baidu_page_home\":\"yes\",\"baidu_page_share\":\"yes\",\"baidu_page_verify\":\"yes\",\"baidu_share_status\":\"no\",\"baidu_custom_password\":\"yes\",\"baidu_auto_jump\":\"yes\",\"weiyun_page_verify\":\"yes\",\"weiyun_share_status\":\"yes\",\"weiyun_auto_jump\":\"yes\",\"lanzous_page_verify\":\"yes\",\"lanzous_share_status\":\"yes\",\"lanzous_auto_jump\":\"yes\",\"weibo_page_download\":\"yes\",\"ctfile_page_list\":\"yes\",\"ctfile_page_download\":\"yes\",\"yunfile_page_download\":\"yes\",\"ccchoo_page_download\":\"yes\",\"ccchoo_auto_jump\":\"yes\",\"vdisk_page_download\":\"yes\",\"yimuhe_page_download\":\"yes\",\"yimuhe_auto_jump\":\"yes\"}"},"ts":1562989950432}