{"options":{"awareOfChrome":false,"check_for_updates":true,"comment":null,"compat_arrayleft":false,"compat_foreach":false,"compat_forvarin":false,"compat_metadata":false,"compat_uW_gmonkey":false,"compat_wrappedjsobject":false,"compatopts_for_requires":true,"noframes":null,"override":{"merge_connects":true,"merge_excludes":true,"merge_includes":true,"merge_matches":true,"orig_connects":["newday.me","ctfile.com","pipipan.me"],"orig_excludes":[],"orig_includes":[],"orig_matches":["*://pan.baidu.com/*","*://yun.baidu.com/*","*://share.weiyun.com/*","*://*.lanzous.com/*","*://vdisk.weibo.com/*","*://*.ctfile.com/*","*://*.pipipan.com/*","*://*.dfpan.com/*","*://*.ccchoo.com/*","*://*.vdisk.cn/*","*://*.yimuhe.com/*","*://*.newday.me/*","*://pan.baidu.com/disk/home*","*://yun.baidu.com/disk/home*","*://pan.baidu.com/s/*","*://yun.baidu.com/s/*","*://pan.baidu.com/share/link*","*://yun.baidu.com/share/link*"],"orig_noframes":null,"orig_run_at":"document-idle","use_blockers":[],"use_connects":[],"use_excludes":[],"use_includes":[],"use_matches":[]},"run_at":null},"settings":{"enabled":true,"position":2},"meta":{"name":"【新增高速下载通道】百度云提取码破解、自动提交以及百度云限速破解 附赠百度云会员","uuid":"fa2662c7-577f-49f4-94f0-e10cf5ddd5fd","modified":1564997494483,"file_url":"https://greasyfork.org/scripts/380664-%E6%96%B0%E5%A2%9E%E9%AB%98%E9%80%9F%E4%B8%8B%E8%BD%BD%E9%80%9A%E9%81%93-%E7%99%BE%E5%BA%A6%E4%BA%91%E6%8F%90%E5%8F%96%E7%A0%81%E7%A0%B4%E8%A7%A3-%E8%87%AA%E5%8A%A8%E6%8F%90%E4%BA%A4%E4%BB%A5%E5%8F%8A%E7%99%BE%E5%BA%A6%E4%BA%91%E9%99%90%E9%80%9F%E7%A0%B4%E8%A7%A3-%E9%99%84%E8%B5%A0%E7%99%BE%E5%BA%A6%E4%BA%91%E4%BC%9A%E5%91%98/code/%E3%80%90%E6%96%B0%E5%A2%9E%E9%AB%98%E9%80%9F%E4%B8%8B%E8%BD%BD%E9%80%9A%E9%81%93%E3%80%91%E7%99%BE%E5%BA%A6%E4%BA%91%E6%8F%90%E5%8F%96%E7%A0%81%E7%A0%B4%E8%A7%A3%E3%80%81%E8%87%AA%E5%8A%A8%E6%8F%90%E4%BA%A4%E4%BB%A5%E5%8F%8A%E7%99%BE%E5%BA%A6%E4%BA%91%E9%99%90%E9%80%9F%E7%A0%B4%E8%A7%A3%20%E9%99%84%E8%B5%A0%E7%99%BE%E5%BA%A6%E4%BA%91%E4%BC%9A%E5%91%98.user.js"}}